Склад;ДатаКлюч;Продажи рублей
Склад 1;08.01.2013;1776309
Склад 1;09.01.2013;1670458.8
Склад 1;13.01.2013;2065636.4
Склад 1;14.01.2013;1736802.8
Склад 1;15.01.2013;1689900.8
Склад 1;18.01.2013;1974294.2
Склад 1;20.01.2013;1653174.6
Склад 1;23.01.2013;907708.299999999
Склад 1;27.01.2013;1024624.5
Склад 1;01.02.2013;1045591.8
Склад 1;03.02.2013;847765.6
Склад 1;04.02.2013;618433.299999999
Склад 1;08.02.2013;930346.5
Склад 1;09.02.2013;1027636.4
Склад 1;10.02.2013;509113.2
Склад 1;11.02.2013;955826.399999999
Склад 1;12.02.2013;872409.3
Склад 1;13.02.2013;943390.3
Склад 1;19.02.2013;937506.699999999
Склад 1;23.02.2013;1114301.3
Склад 1;27.02.2013;897056.8
Склад 1;28.02.2013;1005087
Склад 1;07.03.2013;2075221.3
Склад 1;17.03.2013;1093015.1
Склад 1;21.03.2013;928128
Склад 1;25.03.2013;960227.899999999
Склад 1;28.03.2013;991072.299999999
Склад 1;29.03.2013;1059445.1
Склад 1;01.04.2013;889222.9
Склад 1;02.04.2013;1003981.6
Склад 1;06.04.2013;1064343.2
Склад 1;11.04.2013;888212.8
Склад 1;18.04.2013;991440.5
Склад 1;21.04.2013;976792.8
Склад 1;23.04.2013;978185.3
Склад 1;27.04.2013;1091074.4
Склад 1;29.04.2013;885683.299999999
Склад 1;30.04.2013;1134849.7
Склад 1;17.05.2013;702659
Склад 1;18.05.2013;1336958.9
Склад 1;22.05.2013;938159.599999999
Склад 1;26.05.2013;944847.8
Склад 1;31.05.2013;1298720.9
Склад 1;04.06.2013;1015271.2
Склад 1;06.06.2013;966755.899999999
Склад 1;14.06.2013;1143091.3
Склад 1;20.06.2013;873342.899999999
Склад 1;24.06.2013;945348.599999999
Склад 1;27.06.2013;953488.6
Склад 1;30.06.2013;912453.499999998
Склад 1;03.07.2013;826308.599999999
Склад 1;04.07.2013;965928.899999999
Склад 1;06.07.2013;861645.4
Склад 1;14.07.2013;757966.599999999
Склад 1;17.07.2013;1022869.1
Склад 1;18.07.2013;991757.8
Склад 1;21.07.2013;910078.4
Склад 1;02.08.2013;1094365.5
Склад 1;08.08.2013;884464
Склад 1;14.08.2013;831535.5
Склад 1;18.08.2013;823699.799999999
Склад 1;25.08.2013;914355.3
Склад 1;26.08.2013;829950.1
Склад 1;29.08.2013;1018692.1
Склад 1;31.08.2013;1063010.9
Склад 1;05.09.2013;963218.499999999
Склад 1;11.09.2013;937180.7
Склад 1;14.09.2013;1120604.7
Склад 1;15.09.2013;930306.199999999
Склад 1;19.09.2013;1054583.3
Склад 1;25.09.2013;951495.7
Склад 1;10.10.2013;1115111.1
Склад 1;13.10.2013;949043.799999999
Склад 1;15.10.2013;968309.299999999
Склад 1;17.10.2013;1041327.2
Склад 1;21.10.2013;980821.8
Склад 1;25.10.2013;1191493.9
Склад 1;28.10.2013;970715.199999999
Склад 1;02.11.2013;1137343.3
Склад 1;08.11.2013;1187872.8
Склад 1;09.11.2013;1135858.7
Склад 1;10.11.2013;899801.799999999
Склад 1;12.11.2013;926369.399999999
Склад 1;21.11.2013;1101395.8
Склад 1;22.11.2013;1120341.7
Склад 1;29.11.2013;1304744
Склад 1;04.12.2013;972282.4
Склад 1;07.12.2013;1289958.5
Склад 1;12.12.2013;1015889.9
Склад 1;17.12.2013;1017473.8
Склад 1;21.12.2013;1214384.3
Склад 1;30.12.2013;2065799.3
Склад 1;01.01.2014;602127.999999999
Склад 1;05.01.2014;888593.299999999
Склад 1;12.01.2014;896596.699999999
Склад 1;13.01.2014;1128323.1
Склад 1;15.01.2014;1035860.8
Склад 1;16.01.2014;1051559.3
Склад 1;29.01.2014;946353.2
Склад 1;02.02.2014;871138.899999999
Склад 1;14.02.2014;1303175
Склад 1;15.02.2014;1238123.6
Склад 1;16.02.2014;869798.6
Склад 1;17.02.2014;943689.999999999
Склад 1;21.02.2014;1357597.2
Склад 1;25.02.2014;1075513.8
Склад 1;27.02.2014;1141896.3
Склад 1;28.02.2014;1236672
Склад 1;08.03.2014;1658014.6
Склад 1;18.03.2014;1168420.9
Склад 1;21.03.2014;1301195.2
Склад 1;22.03.2014;1183712.3
Склад 1;24.03.2014;1068695.1
Склад 1;31.03.2014;1018590.1
Склад 1;05.04.2014;1194736.9
Склад 1;06.04.2014;990312
Склад 1;12.04.2014;1182234.6
Склад 1;14.04.2014;830530.699999999
Склад 1;15.04.2014;1051570.1
Склад 1;17.04.2014;1230048.8
Склад 1;18.04.2014;1397078.8
Склад 1;19.04.2014;1438293.3
Склад 1;20.04.2014;1014977.8
Склад 1;22.04.2014;964465.199999999
Склад 1;24.04.2014;1216864.1
Склад 1;28.04.2014;1070139
Склад 1;01.05.2014;1121655.2
Склад 1;05.05.2014;995870.399999999
Склад 1;10.05.2014;1032952.9
Склад 1;15.05.2014;1295477.8
Склад 1;19.05.2014;1046468.2
Склад 1;26.05.2014;1055872.9
Склад 1;04.06.2014;1079242.3
Склад 1;06.06.2014;1073833.4
Склад 1;07.06.2014;1213454.4
Склад 1;08.06.2014;972137.099999999
Склад 1;09.06.2014;1067101.2
Склад 1;15.06.2014;947803.199999999
Склад 1;19.06.2014;1315900.7
Склад 1;21.06.2014;1125250.3
Склад 1;22.06.2014;1055439.1
Склад 1;23.06.2014;1056738.7
Склад 1;27.06.2014;1347684.4
Склад 1;29.06.2014;1090252.4
Склад 1;02.07.2014;1131779.8
Склад 1;05.07.2014;1054377.8
Склад 1;11.07.2014;1151945
Склад 1;18.07.2014;1156114.4
Склад 1;20.07.2014;909660.3
Склад 1;21.07.2014;1016812.4
Склад 1;23.07.2014;948071.499999999
Склад 1;24.07.2014;963935.799999999
Склад 1;30.07.2014;866713.699999999
Склад 1;08.08.2014;1166100.7
Склад 1;14.08.2014;1109015
Склад 1;21.08.2014;1102427
Склад 1;22.08.2014;1140679
Склад 1;25.08.2014;956501.499999999
Склад 1;28.08.2014;1224447.2
Склад 1;13.09.2014;1084526.1
Склад 1;15.09.2014;1114968
Склад 1;18.09.2014;1198084.4
Склад 1;20.09.2014;1110028.6
Склад 1;26.09.2014;1245330.3
Склад 1;27.09.2014;1068371.4
Склад 1;04.10.2014;1289320.5
Склад 1;06.10.2014;1042321.4
Склад 1;08.10.2014;921141.999999999
Склад 1;17.10.2014;1344328.6
Склад 1;19.10.2014;1001522.9
Склад 1;24.10.2014;1244321.2
Склад 1;28.10.2014;1009193.2
Склад 1;30.10.2014;1274895
Склад 1;01.11.2014;1016085.7
Склад 1;02.11.2014;1122217.3
Склад 1;07.11.2014;1224924.1
Склад 1;12.11.2014;1128849.1
Склад 1;13.11.2014;1417162.5
Склад 1;16.11.2014;919697.799999999
Склад 1;18.11.2014;1076464
Склад 1;20.11.2014;1301843.5
Склад 1;27.11.2014;1445124.5
Склад 1;28.11.2014;1255297.1
Склад 1;30.11.2014;1006122.9
Склад 1;08.12.2014;1053036.5
Склад 1;11.12.2014;1348425.1
Склад 1;13.12.2014;1232259.3
Склад 1;14.12.2014;993113.799999999
Склад 1;17.12.2014;1186024.4
Склад 1;25.12.2014;1624277.4
Склад 1;28.12.2014;1175653.7
Склад 1;29.12.2014;1811196.00000001
Склад 1;31.12.2014;2657309.80000001
Склад 1;01.01.2015;531738.399999999
Склад 1;04.01.2015;849238.899999998
Склад 1;08.01.2015;877822.299999998
Склад 1;10.01.2015;888254.799999998
Склад 1;11.01.2015;906943.299999998
Склад 1;15.01.2015;1171270
Склад 1;23.01.2015;1156412.1
Склад 1;25.01.2015;924349.099999999
Склад 1;29.01.2015;1180621.2
Склад 1;30.01.2015;1145527.8
Склад 1;01.02.2015;877839.999999999
Склад 1;02.02.2015;997957.199999998
Склад 1;05.02.2015;1186973.5
Склад 1;06.02.2015;1176634
Склад 1;07.02.2015;1055261.8
Склад 1;10.02.2015;995284.699999999
Склад 1;13.02.2015;1341267
Склад 1;14.02.2015;1234785.8
Склад 1;18.02.2015;1107969
Склад 1;25.02.2015;982025.799999998
Склад 1;26.02.2015;1080429.9
Склад 1;02.03.2015;968738.099999998
Склад 1;03.03.2015;1041016.5
Склад 1;09.03.2015;872058.899999998
Склад 1;11.03.2015;900076.799999999
Склад 1;13.03.2015;1125646.3
Склад 1;14.03.2015;1136322.2
Склад 1;16.03.2015;999533.699999998
Склад 1;30.03.2015;974889.899999999
Склад 1;03.04.2015;1163625.4
Склад 1;05.04.2015;965516.199999999
Склад 1;08.04.2015;1030198.5
Склад 1;09.04.2015;1196958
Склад 1;11.04.2015;1353496.8
Склад 1;13.04.2015;943441.799999998
Склад 1;14.04.2015;996880.599999998
Склад 1;02.05.2015;845969.299999999
Склад 1;04.05.2015;846084.199999998
Склад 1;13.05.2015;979867.099999998
Склад 1;21.05.2015;1024530.2
Склад 1;22.05.2015;1186144.3
Склад 1;27.05.2015;932723.699999998
Склад 1;28.05.2015;1105215.3
Склад 1;29.05.2015;1045449.6
Склад 1;09.06.2015;979673.099999998
Склад 1;10.06.2015;1064391.1
Склад 1;13.06.2015;1266890.9
Склад 1;19.06.2015;1284998.5
Склад 1;24.06.2015;984371.599999999
Склад 1;25.06.2015;1198288.6
Склад 1;01.07.2015;1074744.9
Склад 1;05.07.2015;923291.199999999
Склад 1;08.07.2015;914548.499999999
Склад 1;11.07.2015;1012124.8
Склад 1;15.07.2015;932484.399999999
Склад 1;18.07.2015;1031046.9
Склад 1;20.07.2015;1003153.4
Склад 1;21.07.2015;899670.199999999
Склад 1;12.08.2015;877282.4
Склад 1;13.08.2015;1026138.5
Склад 1;19.08.2015;912915.099999999
Склад 1;24.08.2015;945442.299999999
Склад 1;27.08.2015;1063465.5
Склад 1;29.08.2015;952759.499999998
Склад 1;30.08.2015;984222.499999998
Склад 1;31.08.2015;1094223.5
Склад 1;01.09.2015;1034183.3
Склад 1;02.09.2015;975748.899999999
Склад 1;06.09.2015;1010540.4
Склад 1;08.09.2015;1013231.4
Склад 1;23.09.2015;939911.399999998
Склад 1;27.09.2015;967838.199999999
Склад 1;01.10.2015;1127614.9
Склад 1;04.10.2015;882226.399999999
Склад 1;06.10.2015;932580.999999999
Склад 1;12.10.2015;1041489.1
Склад 1;13.10.2015;1019999.4
Склад 1;14.10.2015;988112.199999999
Склад 1;18.10.2015;872263.999999999
Склад 1;20.10.2015;982899.999999999
Склад 1;27.10.2015;1037939.1
Склад 1;28.10.2015;841610.699999999
Склад 1;29.10.2015;1319776.1
Склад 1;05.11.2015;1117068
Склад 1;06.11.2015;1170650.7
Склад 1;15.11.2015;1001796.5
Склад 1;16.11.2015;1023796.3
Склад 1;17.11.2015;980246.599999999
Склад 1;18.11.2015;911397.999999999
Склад 1;20.11.2015;1176857.9
Склад 1;01.12.2015;1009760
Склад 1;04.12.2015;1140981.2
Склад 1;05.12.2015;1051601.9
Склад 1;10.12.2015;1203740.3
Склад 1;11.12.2015;1221262.4
Склад 1;13.12.2015;1061392.2
Склад 1;14.12.2015;1040753.3
Склад 1;18.12.2015;1314942.1
Склад 1;21.12.2015;1141138.2
Склад 1;22.12.2015;1103535.4
Склад 1;24.12.2015;1987279.8
Склад 1;25.12.2015;1703522.1
Склад 1;27.12.2015;1203827
Склад 1;29.12.2015;1675479
Склад 143;03.01.2013;1551469.2
Склад 143;04.01.2013;1296532.8
Склад 143;11.01.2013;1667374.8
Склад 143;15.01.2013;1046521
Склад 143;16.01.2013;1454648.4
Склад 143;20.01.2013;1337406.6
Склад 143;21.01.2013;1383092
Склад 143;22.01.2013;1394152.6
Склад 143;30.01.2013;621999.499999999
Склад 143;03.02.2013;798327.4
Склад 143;12.02.2013;700555.799999999
Склад 143;13.02.2013;790080.099999999
Склад 143;15.02.2013;988791.799999999
Склад 143;17.02.2013;888243.899999999
Склад 143;25.02.2013;552136.5
Склад 143;26.02.2013;858660.299999999
Склад 143;01.03.2013;976980.799999999
Склад 143;09.03.2013;842034.5
Склад 143;15.03.2013;903174.399999999
Склад 143;18.03.2013;664026.7
Склад 143;20.03.2013;491109.7
Склад 143;21.03.2013;920735.799999999
Склад 143;23.03.2013;1142180.7
Склад 143;26.03.2013;762135.399999999
Склад 143;11.04.2013;792152.599999999
Склад 143;13.04.2013;1183183.4
Склад 143;18.04.2013;718957.4
Склад 143;20.04.2013;1135792.7
Склад 143;22.04.2013;637714.899999999
Склад 143;26.04.2013;1004986.1
Склад 143;28.04.2013;931814.8
Склад 143;06.05.2013;614335.9
Склад 143;07.05.2013;781957.4
Склад 143;08.05.2013;987548.799999999
Склад 143;11.05.2013;884802.999999999
Склад 143;13.05.2013;712920.6
Склад 143;19.05.2013;902502.099999999
Склад 143;22.05.2013;811480.399999999
Склад 143;28.05.2013;877617.1
Склад 143;07.06.2013;1036700.2
Склад 143;08.06.2013;1279757
Склад 143;09.06.2013;741013.699999999
Склад 143;10.06.2013;941970.2
Склад 143;11.06.2013;845314.199999999
Склад 143;13.06.2013;778200.599999999
Склад 143;17.06.2013;774539.299999999
Склад 143;21.06.2013;1236587.5
Склад 143;24.06.2013;785906.899999999
Склад 143;28.06.2013;1165878.6
Склад 143;04.07.2013;860284.199999999
Склад 143;05.07.2013;1242936
Склад 143;07.07.2013;847653.9
Склад 143;11.07.2013;831615.099999999
Склад 143;17.07.2013;905722.3
Склад 143;18.07.2013;1001509.9
Склад 143;26.07.2013;1278281
Склад 143;30.07.2013;944188.799999999
Склад 143;31.07.2013;821939.8
Склад 143;11.08.2013;781756.8
Склад 143;02.09.2013;786427.3
Склад 143;03.09.2013;718103.399999999
Склад 143;04.09.2013;804355.3
Склад 143;06.09.2013;1128592.7
Склад 143;16.09.2013;726283.999999999
Склад 143;20.09.2013;1013077.7
Склад 143;22.09.2013;873272.800000001
Склад 143;23.09.2013;702501.6
Склад 143;24.09.2013;769379.399999999
Склад 143;28.09.2013;1287119.8
Склад 143;01.10.2013;758564.5
Склад 143;06.10.2013;868932.2
Склад 143;07.10.2013;830609.099999999
Склад 143;13.10.2013;1015920.2
Склад 143;15.10.2013;841188.599999999
Склад 143;16.10.2013;676893.599999999
Склад 143;17.10.2013;905169.8
Склад 143;18.10.2013;1081046.8
Склад 143;27.10.2013;970865.7
Склад 143;28.10.2013;738312.2
Склад 143;29.10.2013;755065.6
Склад 143;01.11.2013;1168745.8
Склад 143;11.11.2013;758596.799999999
Склад 143;17.11.2013;1043991.6
Склад 143;18.11.2013;743457.1
Склад 143;19.11.2013;879998.199999999
Склад 143;27.11.2013;871666.399999999
Склад 143;28.11.2013;1049441.7
Склад 143;29.11.2013;1318812.1
Склад 143;30.11.2013;1638747.7
Склад 143;06.12.2013;1493790.9
Склад 143;13.12.2013;1368113.6
Склад 143;15.12.2013;1069011.2
Склад 143;16.12.2013;955660.399999999
Склад 143;23.12.2013;1041910.9
Склад 143;07.01.2014;1077946.6
Склад 143;15.01.2014;885707.599999999
Склад 143;17.01.2014;1060123.3
Склад 143;20.01.2014;748476.099999999
Склад 143;23.01.2014;829727.599999999
Склад 143;24.01.2014;1320607
Склад 143;26.01.2014;1090209.3
Склад 143;04.02.2014;900099.699999999
Склад 143;08.02.2014;1358779
Склад 143;09.02.2014;962294.899999999
Склад 143;11.02.2014;913877.300000001
Склад 143;15.02.2014;1399649.1
Склад 143;18.02.2014;983030.1
Склад 143;20.02.2014;1457087.4
Склад 143;22.02.2014;1669180.2
Склад 143;24.02.2014;761375.399999999
Склад 143;02.03.2014;895357.499999999
Склад 143;04.03.2014;970561.099999999
Склад 143;05.03.2014;971534.499999999
Склад 143;06.03.2014;1811050
Склад 143;07.03.2014;2577539.1
Склад 143;08.03.2014;2267225.7
Склад 143;15.03.2014;1479908.6
Склад 143;16.03.2014;1026877.4
Склад 143;20.03.2014;1144980.5
Склад 143;21.03.2014;1197162.2
Склад 143;06.04.2014;1123343.6
Склад 143;20.04.2014;1182702.2
Склад 143;26.04.2014;1393722.1
Склад 143;29.04.2014;1063479.1
Склад 143;03.05.2014;1135254.8
Склад 143;07.05.2014;870361.3
Склад 143;11.05.2014;1110249.2
Склад 143;20.05.2014;944355.099999999
Склад 143;24.05.2014;1498286.7
Склад 143;30.05.2014;1364480.4
Склад 143;04.06.2014;825144.1
Склад 143;06.06.2014;1291265
Склад 143;08.06.2014;1200784.8
Склад 143;09.06.2014;834024.999999999
Склад 143;20.06.2014;1486069.9
Склад 143;21.06.2014;1547402.8
Склад 143;23.06.2014;985405.4
Склад 143;25.06.2014;895445
Склад 143;10.07.2014;1208440.6
Склад 143;11.07.2014;1570884.2
Склад 143;18.07.2014;1496652.1
Склад 143;19.07.2014;1389181.4
Склад 143;20.07.2014;964697.2
Склад 143;24.07.2014;1196535.9
Склад 143;29.07.2014;1037902.9
Склад 143;30.07.2014;854966.9
Склад 143;01.08.2014;1007313.7
Склад 143;06.08.2014;836419.599999999
Склад 143;07.08.2014;1006467.9
Склад 143;12.08.2014;964855.499999999
Склад 143;17.08.2014;886678.899999999
Склад 143;22.08.2014;1063847.4
Склад 143;25.08.2014;839989.099999999
Склад 143;27.08.2014;743833.699999999
Склад 143;29.08.2014;1212388
Склад 143;04.09.2014;788497.299999999
Склад 143;06.09.2014;1295443.1
Склад 143;07.09.2014;830610.799999999
Склад 143;08.09.2014;808210.599999999
Склад 143;17.09.2014;766257.299999998
Склад 143;19.09.2014;1136762.8
Склад 143;09.10.2014;954195.699999998
Склад 143;11.10.2014;1365811.8
Склад 143;12.10.2014;914420.799999998
Склад 143;14.10.2014;782492.899999998
Склад 143;16.10.2014;1084642.2
Склад 143;26.10.2014;998499.699999999
Склад 143;27.10.2014;742634.799999999
Склад 143;30.10.2014;1139213.7
Склад 143;03.11.2014;934275.699999998
Склад 143;06.11.2014;1110790.8
Склад 143;10.11.2014;835330.799999999
Склад 143;16.11.2014;1085617.8
Склад 143;18.11.2014;879774.499999998
Склад 143;19.11.2014;733924.899999999
Склад 143;20.11.2014;1152241.5
Склад 143;28.11.2014;1291765.2
Склад 143;29.11.2014;1403097.6
Склад 143;01.12.2014;873456.199999998
Склад 143;02.12.2014;941398.599999998
Склад 143;04.12.2014;1132662.2
Склад 143;09.12.2014;987166.099999999
Склад 143;16.12.2014;1089001.1
Склад 143;18.12.2014;1340839.2
Склад 143;19.12.2014;1574406.3
Склад 143;22.12.2014;1044288.1
Склад 143;23.12.2014;1169007.5
Склад 143;26.12.2014;2127183.40000001
Склад 143;30.12.2014;2893172.60000001
Склад 143;03.01.2015;889560.799999999
Склад 143;10.01.2015;932365.099999998
Склад 143;11.01.2015;779404.299999999
Склад 143;20.01.2015;915666.099999998
Склад 143;21.01.2015;872314.999999999
Склад 143;25.01.2015;1183812.8
Склад 143;29.01.2015;951341.899999998
Склад 143;01.02.2015;851287.399999999
Склад 143;06.02.2015;1164649.8
Склад 143;13.02.2015;1289720.1
Склад 143;19.02.2015;1108575.8
Склад 143;22.02.2015;1230821.9
Склад 143;01.03.2015;861688.799999998
Склад 143;05.03.2015;1598455.8
Склад 143;07.03.2015;1903846.3
Склад 143;09.03.2015;832509.299999998
Склад 143;10.03.2015;717915.399999999
Склад 143;11.03.2015;976151.499999997
Склад 143;16.03.2015;800169.099999998
Склад 143;27.03.2015;1087523.2
Склад 143;28.03.2015;1187074.7
Склад 143;29.03.2015;866627.799999998
Склад 143;04.04.2015;1246879
Склад 143;12.04.2015;981412.699999998
Склад 143;13.04.2015;806350.799999999
Склад 143;14.04.2015;827104.499999999
Склад 143;16.04.2015;861503.899999999
Склад 143;17.04.2015;1063744.7
Склад 143;26.04.2015;1008672.1
Склад 143;28.04.2015;823433.299999999
Склад 143;30.04.2015;1061961.1
Склад 143;01.05.2015;1456848.2
Склад 143;02.05.2015;905054.499999998
Склад 143;04.05.2015;836838.599999998
Склад 143;05.05.2015;773971.499999999
Склад 143;07.05.2015;917216.099999999
Склад 143;10.05.2015;993617.499999998
Склад 143;11.05.2015;785367.799999998
Склад 143;13.05.2015;777061.999999998
Склад 143;16.05.2015;1070230.9
Склад 143;25.05.2015;758231.999999998
Склад 143;31.05.2015;1060785.9
Склад 143;01.06.2015;860007.699999998
Склад 143;02.06.2015;859787.399999999
Склад 143;04.06.2015;944445.199999999
Склад 143;05.06.2015;1205896.9
Склад 143;11.06.2015;1314271.8
Склад 143;29.06.2015;965440.499999999
Склад 143;30.06.2015;1062141.2
Склад 143;03.07.2015;1471628.6
Склад 143;04.07.2015;1150052.7
Склад 143;13.07.2015;853999.599999999
Склад 143;15.07.2015;963138.299999998
Склад 143;16.07.2015;1345000.6
Склад 143;30.07.2015;914855.099999999
Склад 143;02.08.2015;896156.999999998
Склад 143;03.08.2015;827471.399999998
Склад 143;06.08.2015;1076658
Склад 143;09.08.2015;991484.499999998
Склад 143;15.08.2015;866254.699999999
Склад 143;20.08.2015;958492.899999998
Склад 143;21.08.2015;982113.299999999
Склад 143;24.08.2015;732182.999999999
Склад 143;30.08.2015;735555.299999998
Склад 143;01.09.2015;871538.699999998
Склад 143;04.09.2015;999191
Склад 143;06.09.2015;1004508
Склад 143;10.09.2015;908067.699999999
Склад 143;12.09.2015;1036684.6
Склад 143;13.09.2015;873608.099999998
Склад 143;15.09.2015;817040.299999998
Склад 143;16.09.2015;656224.799999999
Склад 143;23.09.2015;676932.299999999
Склад 143;25.09.2015;940240.099999999
Склад 143;30.09.2015;781328.899999999
Склад 143;02.10.2015;1025568.2
Склад 143;03.10.2015;925423.699999999
Склад 143;08.10.2015;913089.799999999
Склад 143;09.10.2015;934168.399999999
Склад 143;15.10.2015;986008.099999999
Склад 143;16.10.2015;949263.099999999
Склад 143;01.11.2015;1061988.3
Склад 143;06.11.2015;1261166.1
Склад 143;16.11.2015;735904.699999999
Склад 143;19.11.2015;968920.699999999
Склад 143;20.11.2015;1000069.1
Склад 143;23.11.2015;776428.199999999
Склад 143;26.11.2015;1098727.6
Склад 143;28.11.2015;1227195.3
Склад 143;29.11.2015;999275.499999999
Склад 143;01.12.2015;821786.199999999
Склад 143;03.12.2015;926014.499999999
Склад 143;05.12.2015;1003412.1
Склад 143;08.12.2015;795748.299999999
Склад 143;09.12.2015;740252.899999999
Склад 143;14.12.2015;812665.199999998
Склад 143;17.12.2015;1213328.9
Склад 143;19.12.2015;1252705.4
Склад 143;28.12.2015;1341614.8
Склад 206;01.01.2013;416537.599999999
Склад 206;03.01.2013;970797.999999999
Склад 206;04.01.2013;831710.599999999
Склад 206;10.01.2013;739256.599999998
Склад 206;12.01.2013;1228264
Склад 206;13.01.2013;853557.799999999
Склад 206;19.01.2013;774976.799999999
Склад 206;21.01.2013;889400.799999998
Склад 206;25.01.2013;473227.1
Склад 206;01.02.2013;482610.2
Склад 206;02.02.2013;517961.2
Склад 206;04.02.2013;427846.7
Склад 206;07.02.2013;302395.7
Склад 206;12.02.2013;318482.1
Склад 206;13.02.2013;463466.6
Склад 206;15.02.2013;526305.7
Склад 206;18.02.2013;435183.1
Склад 206;25.02.2013;190424.8
Склад 206;27.02.2013;371326.3
Склад 206;05.03.2013;416159.9
Склад 206;08.03.2013;1040010.6
Склад 206;10.03.2013;461532.099999999
Склад 206;11.03.2013;364696.1
Склад 206;20.03.2013;378710.6
Склад 206;23.03.2013;635178.399999999
Склад 206;24.03.2013;583275.9
Склад 206;26.03.2013;347240.8
Склад 206;30.03.2013;639384.999999999
Склад 206;06.04.2013;709934.6
Склад 206;07.04.2013;605613.5
Склад 206;19.04.2013;543107.9
Склад 206;26.04.2013;635096.5
Склад 206;29.04.2013;392394.3
Склад 206;30.04.2013;647730.299999999
Склад 206;01.05.2013;424518.2
Склад 206;03.05.2013;561083.9
Склад 206;04.05.2013;725714.9
Склад 206;13.05.2013;465508.8
Склад 206;14.05.2013;507618.2
Склад 206;24.05.2013;619735.4
Склад 206;25.05.2013;639337.4
Склад 206;05.06.2013;420733.9
Склад 206;11.06.2013;490078.099999999
Склад 206;18.06.2013;502204.2
Склад 206;21.06.2013;488220.2
Склад 206;23.06.2013;525963.2
Склад 206;25.06.2013;504002.8
Склад 206;28.06.2013;545431.199999999
Склад 206;02.07.2013;525113.3
Склад 206;06.07.2013;471068.5
Склад 206;09.07.2013;489146.2
Склад 206;10.07.2013;444347.6
Склад 206;13.07.2013;768071.599999999
Склад 206;21.07.2013;552907.7
Склад 206;24.07.2013;430345.9
Склад 206;27.07.2013;683964
Склад 206;30.07.2013;496655.4
Склад 206;31.07.2013;503184.5
Склад 206;01.08.2013;478964.099999999
Склад 206;02.08.2013;659675.899999999
Склад 206;04.08.2013;508316.6
Склад 206;06.08.2013;396174.9
Склад 206;07.08.2013;539006.299999999
Склад 206;09.08.2013;646670.4
Склад 206;11.08.2013;430278.699999999
Склад 206;17.08.2013;715397.399999999
Склад 206;18.08.2013;555008.7
Склад 206;19.08.2013;478571.4
Склад 206;20.08.2013;460808.4
Склад 206;22.08.2013;531901.7
Склад 206;31.08.2013;830505.8
Склад 206;02.09.2013;579385.699999999
Склад 206;03.09.2013;494402.3
Склад 206;05.09.2013;482346.7
Склад 206;08.09.2013;586514.4
Склад 206;11.09.2013;509766.1
Склад 206;12.09.2013;519053.8
Склад 206;13.09.2013;724811.8
Склад 206;15.09.2013;596104
Склад 206;18.09.2013;513900
Склад 206;25.09.2013;521090.4
Склад 206;26.09.2013;528212.8
Склад 206;30.09.2013;509076.3
Склад 206;04.10.2013;672310
Склад 206;09.10.2013;525218.9
Склад 206;10.10.2013;551338.099999999
Склад 206;12.10.2013;828756.299999999
Склад 206;18.10.2013;757742.8
Склад 206;27.10.2013;691873.699999999
Склад 206;29.10.2013;537276.3
Склад 206;31.10.2013;567049.9
Склад 206;03.11.2013;744926.499999999
Склад 206;09.11.2013;869323
Склад 206;11.11.2013;519075.599999999
Склад 206;14.11.2013;600349.799999999
Склад 206;15.11.2013;815098.799999999
Склад 206;16.11.2013;900496.799999999
Склад 206;28.11.2013;699838.799999999
Склад 206;30.11.2013;1044099.9
Склад 206;01.12.2013;576226.4
Склад 206;02.12.2013;804084.3
Склад 206;05.12.2013;593928.3
Склад 206;08.12.2013;793099.5
Склад 206;10.12.2013;691872.8
Склад 206;19.12.2013;824697.799999999
Склад 206;23.12.2013;778464.5
Склад 206;25.12.2013;821723.1
Склад 206;31.12.2013;2715698.3
Склад 206;02.01.2014;591156.2
Склад 206;06.01.2014;833502.299999999
Склад 206;07.01.2014;700615.599999999
Склад 206;08.01.2014;596750.799999999
Склад 206;10.01.2014;663538
Склад 206;15.01.2014;619004.899999999
Склад 206;05.02.2014;621235.499999999
Склад 206;06.02.2014;678158.2
Склад 206;07.02.2014;702128.599999999
Склад 206;08.02.2014;950567.8
Склад 206;16.02.2014;742928.5
Склад 206;17.02.2014;629357.899999999
Склад 206;19.02.2014;603639.6
Склад 206;25.02.2014;612929.1
Склад 206;26.02.2014;636909.3
Склад 206;01.03.2014;936511.099999999
Склад 206;13.03.2014;632063.199999999
Склад 206;17.03.2014;574586.6
Склад 206;21.03.2014;831438.8
Склад 206;22.03.2014;963118.5
Склад 206;23.03.2014;720013.299999999
Склад 206;01.04.2014;562413.399999999
Склад 206;02.04.2014;557756.499999999
Склад 206;03.04.2014;716951.999999999
Склад 206;06.04.2014;711194.399999999
Склад 206;14.04.2014;572067.099999999
Склад 206;15.04.2014;619642.3
Склад 206;20.04.2014;630856.799999999
Склад 206;23.04.2014;628901.4
Склад 206;25.04.2014;801766.899999999
Склад 206;02.05.2014;749667.5
Склад 206;07.05.2014;648444.199999999
Склад 206;11.05.2014;700539.199999999
Склад 206;17.05.2014;840788.3
Склад 206;19.05.2014;562609.899999999
Склад 206;25.05.2014;727807.399999999
Склад 206;08.06.2014;747145.199999999
Склад 206;09.06.2014;579144.9
Склад 206;10.06.2014;680719.399999999
Склад 206;11.06.2014;720103.499999999
Склад 206;17.06.2014;621769.6
Склад 206;08.07.2014;605350.899999999
Склад 206;09.07.2014;602419.6
Склад 206;11.07.2014;865712.099999998
Склад 206;13.07.2014;615184.6
Склад 206;14.07.2014;682941.699999999
Склад 206;15.07.2014;623357.1
Склад 206;25.07.2014;779323.599999999
Склад 206;29.07.2014;501137.799999999
Склад 206;31.07.2014;655598.399999999
Склад 206;02.08.2014;764390.7
Склад 206;03.08.2014;598333.099999999
Склад 206;05.08.2014;607516.199999999
Склад 206;08.08.2014;826397.999999999
Склад 206;09.08.2014;743967.399999999
Склад 206;11.08.2014;597204.3
Склад 206;20.08.2014;634452.899999999
Склад 206;02.09.2014;688976
Склад 206;09.09.2014;580017.199999999
Склад 206;14.09.2014;693939.199999999
Склад 206;16.09.2014;605060.299999999
Склад 206;21.09.2014;750080.499999998
Склад 206;23.09.2014;677124.499999998
Склад 206;24.09.2014;623338.599999999
Склад 206;25.09.2014;672340.899999999
Склад 206;28.09.2014;614250.899999999
Склад 206;30.09.2014;566437.399999999
Склад 206;02.10.2014;600864.599999999
Склад 206;07.10.2014;576120.399999999
Склад 206;08.10.2014;639123.699999999
Склад 206;09.10.2014;670130.999999998
Склад 206;12.10.2014;727521.099999999
Склад 206;15.10.2014;593069.999999999
Склад 206;19.10.2014;752400.899999998
Склад 206;20.10.2014;592537.199999999
Склад 206;21.10.2014;587749.999999999
Склад 206;24.10.2014;893469.899999998
Склад 206;26.10.2014;831823.199999998
Склад 206;27.10.2014;622795.399999999
Склад 206;29.10.2014;792563.499999999
Склад 206;30.10.2014;768139.299999999
Склад 206;02.11.2014;447850.7
Склад 206;03.11.2014;1084223
Склад 206;06.11.2014;707633.499999999
Склад 206;19.11.2014;685817.999999999
Склад 206;21.11.2014;908414.299999999
Склад 206;25.11.2014;315593.6
Склад 206;27.11.2014;799112.399999998
Склад 206;28.11.2014;975566.699999998
Склад 206;02.12.2014;892974.299999998
Склад 206;10.12.2014;830436.899999998
Склад 206;15.12.2014;721543.999999999
Склад 206;17.12.2014;795137.399999999
Склад 206;18.12.2014;932103.099999999
Склад 206;21.12.2014;1137127.9
Склад 206;23.12.2014;865512.299999998
Склад 206;25.12.2014;1232979.3
Склад 206;26.12.2014;1167012.5
Склад 206;04.01.2015;652387.099999999
Склад 206;06.01.2015;1003732.7
Склад 206;12.01.2015;483272.799999999
Склад 206;13.01.2015;919042.299999999
Склад 206;21.01.2015;726848.699999998
Склад 206;24.01.2015;969648.499999998
Склад 206;27.01.2015;686517.999999999
Склад 206;30.01.2015;830805.899999999
Склад 206;01.02.2015;711281.299999998
Склад 206;03.02.2015;583951.599999999
Склад 206;07.02.2015;866038.099999997
Склад 206;09.02.2015;623938.199999999
Склад 206;10.02.2015;634794.399999999
Склад 206;11.02.2015;635684.599999999
Склад 206;12.02.2015;777371.999999998
Склад 206;22.02.2015;962963.699999998
Склад 206;27.02.2015;780139.899999998
Склад 206;06.03.2015;1098370.5
Склад 206;07.03.2015;1352956.6
Склад 206;11.03.2015;649294.199999999
Склад 206;14.03.2015;853439.499999998
Склад 206;15.03.2015;574137.599999999
Склад 206;20.03.2015;858244.299999999
Склад 206;21.03.2015;859417.299999998
Склад 206;25.03.2015;512663.999999999
Склад 206;29.03.2015;758602.899999998
Склад 206;09.04.2015;735516.599999999
Склад 206;11.04.2015;1283256.2
Склад 206;17.04.2015;778773.499999999
Склад 206;24.04.2015;679185.299999999
Склад 206;03.05.2015;806632.699999999
Склад 206;05.05.2015;544929.399999999
Склад 206;08.05.2015;842001.499999999
Склад 206;10.05.2015;700704.999999999
Склад 206;11.05.2015;747121.099999999
Склад 206;13.05.2015;592870.999999999
Склад 206;15.05.2015;754325.999999998
Склад 206;16.05.2015;771647.299999999
Склад 206;18.05.2015;607389.199999999
Склад 206;20.05.2015;605151.299999999
Склад 206;21.05.2015;662111.199999999
Склад 206;24.05.2015;723042.599999999
Склад 206;27.05.2015;627378.799999999
Склад 206;31.05.2015;725107.299999999
Склад 206;04.06.2015;663671.899999999
Склад 206;12.06.2015;767705.899999998
Склад 206;17.06.2015;598685.1
Склад 206;18.06.2015;737229.499999999
Склад 206;21.06.2015;851243.699999999
Склад 206;24.06.2015;588055.6
Склад 206;26.06.2015;894520.399999999
Склад 206;27.06.2015;658798.899999999
Склад 206;28.06.2015;653383.599999999
Склад 206;09.07.2015;721919.599999999
Склад 206;12.07.2015;635151.499999999
Склад 206;16.07.2015;927065.099999999
Склад 206;20.07.2015;682507.299999999
Склад 206;27.07.2015;567538.899999999
Склад 206;28.07.2015;593781
Склад 206;31.07.2015;755614.599999999
Склад 206;03.08.2015;582698.999999999
Склад 206;04.08.2015;542454.7
Склад 206;13.08.2015;794561.099999999
Склад 206;20.08.2015;741527.399999999
Склад 206;02.09.2015;490545.599999999
Склад 206;05.09.2015;690793.899999999
Склад 206;11.09.2015;733913.799999999
Склад 206;13.09.2015;702986.399999999
Склад 206;19.09.2015;751683.699999999
Склад 206;28.09.2015;576851.199999999
Склад 206;02.10.2015;582958.499999999
Склад 206;04.10.2015;626196.999999999
Склад 206;05.10.2015;573688.499999999
Склад 206;06.10.2015;494400.1
Склад 206;09.10.2015;731507.999999998
Склад 206;13.10.2015;626106.999999999
Склад 206;16.10.2015;748735.999999999
Склад 206;22.10.2015;712241.599999999
Склад 206;23.10.2015;668727.499999999
Склад 206;24.10.2015;958102.099999999
Склад 206;30.10.2015;730901.599999999
Склад 206;06.11.2015;802815.199999999
Склад 206;08.11.2015;668492.199999999
Склад 206;14.11.2015;841151.599999999
Склад 206;19.11.2015;696275.899999999
Склад 206;20.11.2015;747988.999999999
Склад 206;21.11.2015;806824.899999999
Склад 206;22.11.2015;716917.099999999
Склад 206;23.11.2015;607428.399999999
Склад 206;27.11.2015;820618.699999999
Склад 206;04.12.2015;767732.799999999
Склад 206;11.12.2015;888967.099999999
Склад 206;12.12.2015;961537.299999999
Склад 206;13.12.2015;853572.499999999
Склад 206;14.12.2015;653379.699999999
Склад 206;15.12.2015;655127.099999999
Склад 206;21.12.2015;663161.599999999
Склад 206;24.12.2015;1174311
Склад 206;25.12.2015;1172361
Склад 206;26.12.2015;1016583.9
Склад 206;27.12.2015;1063106.9
Склад 227;07.01.2013;1183047.8
Склад 227;08.01.2013;880536.2
Склад 227;09.01.2013;868524.199999999
Склад 227;12.01.2013;1123258.6
Склад 227;14.01.2013;707894.399999999
Склад 227;21.01.2013;779624.399999999
Склад 227;24.01.2013;511935.9
Склад 227;03.02.2013;447988.3
Склад 227;04.02.2013;420882.3
Склад 227;06.02.2013;439279
Склад 227;10.02.2013;432630.7
Склад 227;14.02.2013;622962.8
Склад 227;18.02.2013;444016.5
Склад 227;20.02.2013;466111.5
Склад 227;24.02.2013;474629.7
Склад 227;26.02.2013;426782.4
Склад 227;07.03.2013;914809.1
Склад 227;10.03.2013;406485.4
Склад 227;17.03.2013;458819.8
Склад 227;18.03.2013;409284.5
Склад 227;21.03.2013;413394.3
Склад 227;25.03.2013;432570.8
Склад 227;28.03.2013;502024.1
Склад 227;31.03.2013;506374.399999999
Склад 227;02.04.2013;449448.4
Склад 227;06.04.2013;596965.4
Склад 227;08.04.2013;415717.6
Склад 227;10.04.2013;477897.8
Склад 227;17.04.2013;544253.999999999
Склад 227;20.04.2013;702219.999999999
Склад 227;23.04.2013;495348.8
Склад 227;25.04.2013;511636.1
Склад 227;27.04.2013;639132.8
Склад 227;03.05.2013;556742.3
Склад 227;07.05.2013;461232.9
Склад 227;09.05.2013;637071.799999999
Склад 227;12.05.2013;411548
Склад 227;15.05.2013;544557.8
Склад 227;25.05.2013;630460.199999999
Склад 227;28.05.2013;386035.9
Склад 227;29.05.2013;463170.4
Склад 227;01.06.2013;663240.599999999
Склад 227;04.06.2013;428671.6
Склад 227;05.06.2013;491242.6
Склад 227;08.06.2013;668502.4
Склад 227;17.06.2013;417491.7
Склад 227;19.06.2013;528914.4
Склад 227;20.06.2013;553074.6
Склад 227;23.06.2013;489012.1
Склад 227;24.06.2013;484446.1
Склад 227;26.06.2013;568899.1
Склад 227;27.06.2013;555930.499999999
Склад 227;28.06.2013;623493.699999999
Склад 227;03.07.2013;511779.7
Склад 227;04.07.2013;505095
Склад 227;14.07.2013;493969.6
Склад 227;15.07.2013;356295.4
Склад 227;18.07.2013;575689
Склад 227;23.07.2013;546900.1
Склад 227;31.07.2013;510625.2
Склад 227;09.08.2013;668013
Склад 227;10.08.2013;612359.199999999
Склад 227;15.08.2013;520846.499999999
Склад 227;17.08.2013;537669.899999999
Склад 227;19.08.2013;587385.099999999
Склад 227;24.08.2013;651440.3
Склад 227;25.08.2013;533090.1
Склад 227;26.08.2013;513252.5
Склад 227;29.08.2013;601819.599999999
Склад 227;02.09.2013;480337.3
Склад 227;11.09.2013;515366.2
Склад 227;12.09.2013;535209.6
Склад 227;13.09.2013;679494.199999999
Склад 227;14.09.2013;594906.5
Склад 227;16.09.2013;494442.6
Склад 227;19.09.2013;510645
Склад 227;20.09.2013;420302.9
Склад 227;22.09.2013;459875.9
Склад 227;03.10.2013;535631.3
Склад 227;04.10.2013;686700.499999999
Склад 227;06.10.2013;571197
Склад 227;10.10.2013;514517.7
Склад 227;16.10.2013;567630.7
Склад 227;21.10.2013;523730.3
Склад 227;31.10.2013;598171.7
Склад 227;04.11.2013;568931.5
Склад 227;11.11.2013;528417.3
Склад 227;12.11.2013;611653.4
Склад 227;14.11.2013;602847
Склад 227;15.11.2013;722578.4
Склад 227;16.11.2013;708882.4
Склад 227;18.11.2013;547336.9
Склад 227;19.11.2013;591495.3
Склад 227;21.11.2013;674579.5
Склад 227;01.12.2013;604711.7
Склад 227;03.12.2013;590752.8
Склад 227;05.12.2013;487066
Склад 227;08.12.2013;517979
Склад 227;10.12.2013;581485.9
Склад 227;16.12.2013;544868.9
Склад 227;18.12.2013;637729.999999999
Склад 227;20.12.2013;611780.7
Склад 227;26.12.2013;914424.599999999
Склад 227;30.12.2013;1101417.3
Склад 227;07.01.2014;690234.7
Склад 227;09.01.2014;644883
Склад 227;17.01.2014;629584.6
Склад 227;19.01.2014;625756.299999999
Склад 227;20.01.2014;513609
Склад 227;21.01.2014;557753.399999999
Склад 227;23.01.2014;565606.1
Склад 227;30.01.2014;541889.9
Склад 227;01.02.2014;564756.4
Склад 227;02.02.2014;634150.9
Склад 227;07.02.2014;523666.799999999
Склад 227;09.02.2014;538391.3
Склад 227;13.02.2014;685804.099999999
Склад 227;14.02.2014;781846.3
Склад 227;16.02.2014;549472.9
Склад 227;22.02.2014;743096.2
Склад 227;23.02.2014;645696.099999999
Склад 227;25.02.2014;586470.899999999
Склад 227;28.02.2014;684101.3
Склад 227;03.03.2014;446955.8
Склад 227;04.03.2014;464012
Склад 227;08.03.2014;897673
Склад 227;11.03.2014;534653.3
Склад 227;15.03.2014;530283.799999999
Склад 227;19.03.2014;503893.3
Склад 227;21.03.2014;691921.999999999
Склад 227;24.03.2014;485224.999999999
Склад 227;28.03.2014;726240.399999999
Склад 227;30.03.2014;576633.599999999
Склад 227;03.04.2014;619625.5
Склад 227;04.04.2014;698898.399999999
Склад 227;08.04.2014;612234.6
Склад 227;13.04.2014;581373.5
Склад 227;20.04.2014;623462.399999999
Склад 227;23.04.2014;397842.7
Склад 227;26.04.2014;708873.5
Склад 227;29.04.2014;549598.199999999
Склад 227;30.04.2014;675027.799999999
Склад 227;01.05.2014;826055.499999999
Склад 227;05.05.2014;534019.199999999
Склад 227;20.05.2014;522662.899999999
Склад 227;24.05.2014;809068.199999999
Склад 227;28.05.2014;555775.9
Склад 227;31.05.2014;803964.299999999
Склад 227;01.06.2014;618805.6
Склад 227;06.06.2014;796608.299999999
Склад 227;08.06.2014;513550.499999999
Склад 227;12.06.2014;812120.4
Склад 227;14.06.2014;648603
Склад 227;20.06.2014;659714.499999999
Склад 227;27.06.2014;871659.399999999
Склад 227;29.06.2014;795672.299999999
Склад 227;03.07.2014;865839.4
Склад 227;05.07.2014;815994.799999999
Склад 227;06.07.2014;618557.199999999
Склад 227;08.07.2014;532651.7
Склад 227;15.07.2014;605696.499999999
Склад 227;18.07.2014;800582.799999999
Склад 227;21.07.2014;647016.6
Склад 227;25.07.2014;705390.7
Склад 227;26.07.2014;605238.4
Склад 227;27.07.2014;628163.4
Склад 227;30.07.2014;561835.5
Склад 227;11.08.2014;539661.5
Склад 227;13.08.2014;493110.9
Склад 227;16.08.2014;728742.7
Склад 227;17.08.2014;530817.7
Склад 227;21.08.2014;626086.299999999
Склад 227;22.08.2014;670198.999999999
Склад 227;24.08.2014;562561.299999999
Склад 227;25.08.2014;554348.6
Склад 227;27.08.2014;619246.299999999
Склад 227;28.08.2014;697062.3
Склад 227;29.08.2014;682979.899999999
Склад 227;01.09.2014;582552.999999999
Склад 227;03.09.2014;515933.799999999
Склад 227;05.09.2014;734304.3
Склад 227;07.09.2014;543358.699999999
Склад 227;09.09.2014;553455.9
Склад 227;13.09.2014;692363
Склад 227;14.09.2014;558293.799999999
Склад 227;18.09.2014;610122.999999999
Склад 227;27.09.2014;615429.899999999
Склад 227;29.09.2014;447719.999999999
Склад 227;30.09.2014;635804.299999999
Склад 227;01.10.2014;530300.199999999
Склад 227;08.10.2014;567214.699999999
Склад 227;12.10.2014;619181.199999999
Склад 227;19.10.2014;578710.699999999
Склад 227;21.10.2014;575253.899999999
Склад 227;26.10.2014;725870.299999999
Склад 227;11.11.2014;645253.999999999
Склад 227;13.11.2014;731293.699999999
Склад 227;14.11.2014;882979.599999999
Склад 227;16.11.2014;646872.899999999
Склад 227;19.11.2014;612667.699999999
Склад 227;20.11.2014;610421.399999999
Склад 227;22.11.2014;733465.399999999
Склад 227;27.11.2014;852526.999999999
Склад 227;02.12.2014;687403.199999999
Склад 227;21.12.2014;693314.399999999
Склад 227;22.12.2014;617600.099999999
Склад 227;27.12.2014;971861.299999999
Склад 227;07.01.2015;650022.399999999
Склад 227;15.01.2015;648907.999999999
Склад 227;20.01.2015;577372.599999999
Склад 227;22.01.2015;704179.999999999
Склад 227;29.01.2015;615037.699999999
Склад 227;31.01.2015;648406.599999999
Склад 227;09.02.2015;518492.699999999
Склад 227;13.02.2015;678823.699999999
Склад 227;17.02.2015;540910.199999999
Склад 227;19.02.2015;777548.999999999
Склад 227;20.02.2015;867090.999999998
Склад 227;21.02.2015;740756.699999999
Склад 227;26.02.2015;724425.499999999
Склад 227;02.03.2015;449009.1
Склад 227;04.03.2015;534027.099999999
Склад 227;08.03.2015;1020496.3
Склад 227;09.03.2015;553304.399999999
Склад 227;12.03.2015;646532.999999999
Склад 227;19.03.2015;708835.299999999
Склад 227;22.03.2015;621088.199999999
Склад 227;25.03.2015;634837.999999999
Склад 227;29.03.2015;734554.199999999
Склад 227;01.04.2015;529891.399999999
Склад 227;02.04.2015;606998.599999999
Склад 227;03.04.2015;552579.699999999
Склад 227;08.04.2015;621016.799999999
Склад 227;15.04.2015;544768.199999999
Склад 227;17.04.2015;688299.599999999
Склад 227;19.04.2015;860016.599999999
Склад 227;23.04.2015;737880.299999999
Склад 227;24.04.2015;559223.399999999
Склад 227;29.04.2015;678597.699999999
Склад 227;03.05.2015;446696
Склад 227;04.05.2015;530984.6
Склад 227;09.05.2015;1018134.4
Склад 227;12.05.2015;731033.599999999
Склад 227;13.05.2015;421587.4
Склад 227;14.05.2015;675365.499999999
Склад 227;25.05.2015;424574.7
Склад 227;27.05.2015;609199.2
Склад 227;29.05.2015;902309.499999999
Склад 227;02.06.2015;648753.299999999
Склад 227;06.06.2015;676425.599999999
Склад 227;07.06.2015;795112.099999999
Склад 227;08.06.2015;627081.099999999
Склад 227;09.06.2015;399977
Склад 227;11.06.2015;577527.099999999
Склад 227;12.06.2015;881071.099999999
Склад 227;15.06.2015;684695.999999999
Склад 227;30.06.2015;604618.799999999
Склад 227;03.07.2015;663027.699999999
Склад 227;08.07.2015;617198.599999999
Склад 227;20.07.2015;635590.299999999
Склад 227;24.07.2015;789920.899999999
Склад 227;28.07.2015;569010.1
Склад 227;03.08.2015;609436.8
Склад 227;13.08.2015;755103.399999999
Склад 227;14.08.2015;721885.299999999
Склад 227;18.08.2015;442992.9
Склад 227;21.08.2015;958431.599999998
Склад 227;28.08.2015;727560.499999999
Склад 227;30.08.2015;615503.4
Склад 227;06.09.2015;613649.099999999
Склад 227;11.09.2015;823736.499999999
Склад 227;18.09.2015;767327.599999999
Склад 227;29.09.2015;446738.099999999
Склад 227;05.10.2015;535673.699999999
Склад 227;09.10.2015;376136.1
Склад 227;13.10.2015;448079.7
Склад 227;15.10.2015;844756.999999999
Склад 227;16.10.2015;445657.899999999
Склад 227;26.10.2015;585699.399999999
Склад 227;27.10.2015;466532.599999999
Склад 227;31.10.2015;684950.4
Склад 227;02.11.2015;556046.1
Склад 227;13.11.2015;736583.799999999
Склад 227;15.11.2015;629709.799999999
Склад 227;17.11.2015;499431.8
Склад 227;20.11.2015;558574.099999999
Склад 227;21.11.2015;849380.399999999
Склад 227;22.11.2015;532214.4
Склад 227;24.11.2015;457636.5
Склад 227;01.12.2015;567178.9
Склад 227;03.12.2015;582841.899999999
Склад 227;04.12.2015;640902.099999999
Склад 227;06.12.2015;507588.599999999
Склад 227;07.12.2015;394194.3
Склад 227;23.12.2015;533106.6
Склад 227;24.12.2015;816667.599999999
Склад 227;31.12.2015;1707509.1
Склад 23;01.01.2013;2415132.2
Склад 23;04.01.2013;2358170.00000001
Склад 23;05.01.2013;2707713.20000001
Склад 23;07.01.2013;2689847.8
Склад 23;08.01.2013;2174199.60000001
Склад 23;11.01.2013;2611469.6
Склад 23;17.01.2013;2258475.2
Склад 23;19.01.2013;3219478.2
Склад 23;01.02.2013;1431356.8
Склад 23;15.02.2013;1629608.7
Склад 23;16.02.2013;1611285.6
Склад 23;19.02.2013;1169688.5
Склад 23;09.03.2013;1454236.6
Склад 23;17.03.2013;1277796.8
Склад 23;18.03.2013;1191498
Склад 23;20.03.2013;1134731.8
Склад 23;21.03.2013;1235827.4
Склад 23;26.03.2013;1216417
Склад 23;01.04.2013;934970.399999999
Склад 23;03.04.2013;1157987
Склад 23;10.04.2013;1236528.4
Склад 23;13.04.2013;1648715
Склад 23;17.04.2013;1122122.1
Склад 23;20.04.2013;1637035.1
Склад 23;22.04.2013;1058811.4
Склад 23;23.04.2013;1054829.5
Склад 23;26.04.2013;1581603.8
Склад 23;28.04.2013;1249971.8
Склад 23;30.04.2013;1508781.1
Склад 23;03.05.2013;1356415.3
Склад 23;10.05.2013;1197228.9
Склад 23;11.05.2013;1355171.7
Склад 23;16.05.2013;1320861.9
Склад 23;20.05.2013;1102844
Склад 23;23.05.2013;1300018.1
Склад 23;31.05.2013;866898.8
Склад 23;01.06.2013;2163148.4
Склад 23;08.06.2013;1395008.4
Склад 23;09.06.2013;1202580.9
Склад 23;12.06.2013;1374815.4
Склад 23;19.06.2013;956556.699999999
Склад 23;20.06.2013;1518988.9
Склад 23;25.06.2013;1158717
Склад 23;28.06.2013;1391901.5
Склад 23;01.07.2013;901473.1
Склад 23;05.07.2013;1979373.7
Склад 23;09.07.2013;1304346.2
Склад 23;11.07.2013;1246760.1
Склад 23;13.07.2013;1400338.6
Склад 23;15.07.2013;1210229.1
Склад 23;20.07.2013;1351287.9
Склад 23;28.07.2013;826536.299999999
Склад 23;30.07.2013;1127167.1
Склад 23;04.08.2013;1127962.2
Склад 23;05.08.2013;1066692.9
Склад 23;08.08.2013;1218988.5
Склад 23;20.08.2013;1231278
Склад 23;22.08.2013;1466408.9
Склад 23;01.09.2013;1377896.6
Склад 23;03.09.2013;972766.4
Склад 23;13.09.2013;1612132.8
Склад 23;15.09.2013;1299281
Склад 23;16.09.2013;1142202.2
Склад 23;19.09.2013;1262123.5
Склад 23;20.09.2013;1634157.9
Склад 23;22.09.2013;1270847.7
Склад 23;26.09.2013;1222501
Склад 23;04.10.2013;1471853.2
Склад 23;11.10.2013;1549390.3
Склад 23;13.10.2013;1408873.3
Склад 23;15.10.2013;1243344.4
Склад 23;23.10.2013;1271127.7
Склад 23;30.10.2013;1347775.7
Склад 23;31.10.2013;1375558.7
Склад 23;06.11.2013;1294532.8
Склад 23;08.11.2013;1770806.8
Склад 23;09.11.2013;1747872.4
Склад 23;10.11.2013;1506792.2
Склад 23;16.11.2013;1801547.3
Склад 23;18.11.2013;1261504.3
Склад 23;19.11.2013;1187680
Склад 23;21.11.2013;1395254.8
Склад 23;26.11.2013;1268838.3
Склад 23;01.12.2013;1461303
Склад 23;06.12.2013;1748926.7
Склад 23;18.12.2013;1449762.1
Склад 23;26.12.2013;2381420.8
Склад 23;02.01.2014;1117738.9
Склад 23;05.01.2014;1297225
Склад 23;07.01.2014;1312068.7
Склад 23;11.01.2014;1494192.5
Склад 23;13.01.2014;1406581.4
Склад 23;14.01.2014;1330585.4
Склад 23;21.01.2014;1147786.3
Склад 23;22.01.2014;1320997.5
Склад 23;24.01.2014;1555111.7
Склад 23;25.01.2014;1737256.2
Склад 23;27.01.2014;1161862.4
Склад 23;29.01.2014;1352771.7
Склад 23;04.02.2014;1237996.3
Склад 23;05.02.2014;1282749.9
Склад 23;09.02.2014;1385846.6
Склад 23;16.02.2014;1415677.8
Склад 23;22.02.2014;2048064.1
Склад 23;28.02.2014;1678193.6
Склад 23;08.03.2014;2813405.3
Склад 23;09.03.2014;1492521
Склад 23;13.03.2014;1508042.2
Склад 23;21.03.2014;1672502
Склад 23;25.03.2014;1284182.6
Склад 23;28.03.2014;1634941.6
Склад 23;29.03.2014;1715731.4
Склад 23;03.04.2014;1443673.6
Склад 23;04.04.2014;1841826.6
Склад 23;06.04.2014;1332110.9
Склад 23;07.04.2014;1290831.8
Склад 23;08.04.2014;1323320.5
Склад 23;13.04.2014;1468692
Склад 23;16.04.2014;1493684.7
Склад 23;18.04.2014;1943012.7
Склад 23;28.04.2014;964399.699999999
Склад 23;03.05.2014;1227129.5
Склад 23;04.05.2014;1057533.2
Склад 23;15.05.2014;1353919.1
Склад 23;16.05.2014;1626847.8
Склад 23;17.05.2014;1498750.3
Склад 23;21.05.2014;1276265.9
Склад 23;23.05.2014;1716213.2
Склад 23;28.05.2014;1275649.7
Склад 23;31.05.2014;1513100.6
Склад 23;01.06.2014;1329407.2
Склад 23;03.06.2014;1331107.2
Склад 23;06.06.2014;1615258.6
Склад 23;11.06.2014;2102111
Склад 23;16.06.2014;1449804.5
Склад 23;22.06.2014;1251065.9
Склад 23;04.07.2014;1951899.4
Склад 23;06.07.2014;1207852.6
Склад 23;07.07.2014;1311047.8
Склад 23;08.07.2014;1300483.8
Склад 23;15.07.2014;1311122.3
Склад 23;19.07.2014;1442053.6
Склад 23;03.08.2014;1140220.8
Склад 23;05.08.2014;1381182.2
Склад 23;11.08.2014;1274866.5
Склад 23;12.08.2014;1370229.1
Склад 23;13.08.2014;1244310.3
Склад 23;14.08.2014;1208191.2
Склад 23;19.08.2014;1106390.3
Склад 23;24.08.2014;1193972
Склад 23;28.08.2014;1358158.1
Склад 23;04.09.2014;1342045.7
Склад 23;08.09.2014;1208068.9
Склад 23;09.09.2014;1241130.5
Склад 23;15.09.2014;1194542.7
Склад 23;17.09.2014;1222477.7
Склад 23;18.09.2014;1377649.3
Склад 23;22.09.2014;1252477.4
Склад 23;26.09.2014;1609244.6
Склад 23;29.09.2014;1231944.1
Склад 23;30.09.2014;1288350.7
Склад 23;07.10.2014;1348623.5
Склад 23;11.10.2014;1493519.2
Склад 23;12.10.2014;1284448.4
Склад 23;16.10.2014;1623534.2
Склад 23;18.10.2014;1810140.5
Склад 23;26.10.2014;1396789.1
Склад 23;01.11.2014;1570637.2
Склад 23;03.11.2014;1306436.4
Склад 23;05.11.2014;1358556.4
Склад 23;06.11.2014;1370523.6
Склад 23;07.11.2014;1581884.9
Склад 23;10.11.2014;1351818.9
Склад 23;11.11.2014;1406558
Склад 23;12.11.2014;1318575
Склад 23;13.11.2014;1696241
Склад 23;14.11.2014;1611820.7
Склад 23;18.11.2014;1207898.5
Склад 23;19.11.2014;1245670.8
Склад 23;20.11.2014;1527506.5
Склад 23;26.11.2014;1354271.1
Склад 23;30.11.2014;1593474.2
Склад 23;03.12.2014;1456791.2
Склад 23;04.12.2014;1573700.8
Склад 23;05.12.2014;1630774
Склад 23;08.12.2014;1441471.7
Склад 23;11.12.2014;1780345.2
Склад 23;15.12.2014;1376815.4
Склад 23;19.12.2014;2082073.70000001
Склад 23;20.12.2014;1838245.2
Склад 23;22.12.2014;1443515.4
Склад 23;24.12.2014;1614068.3
Склад 23;27.12.2014;2114747.60000001
Склад 23;29.12.2014;2373132.50000001
Склад 23;03.01.2015;1202058.9
Склад 23;06.01.2015;1342215.1
Склад 23;11.01.2015;1215624.9
Склад 23;15.01.2015;1428884.1
Склад 23;18.01.2015;1325172.5
Склад 23;21.01.2015;1285571.3
Склад 23;22.01.2015;1459027.2
Склад 23;26.01.2015;1187757.9
Склад 23;27.01.2015;1267608.8
Склад 23;31.01.2015;1455296.4
Склад 23;01.02.2015;1263382.8
Склад 23;03.02.2015;1146823.7
Склад 23;05.02.2015;1332162.7
Склад 23;07.02.2015;1534780.8
Склад 23;08.02.2015;1222372.6
Склад 23;15.02.2015;1489190.2
Склад 23;19.02.2015;1618165.8
Склад 23;20.02.2015;1874481.4
Склад 23;04.03.2015;1169500.4
Склад 23;06.03.2015;2623985.30000001
Склад 23;08.03.2015;1937575.3
Склад 23;09.03.2015;1284896.9
Склад 23;13.03.2015;1632812
Склад 23;17.03.2015;1191434.7
Склад 23;19.03.2015;1439415.1
Склад 23;20.03.2015;1538559
Склад 23;31.03.2015;1225669.9
Склад 23;06.04.2015;1188992.5
Склад 23;08.04.2015;1172557.9
Склад 23;14.04.2015;1225184.1
Склад 23;18.04.2015;1354215.2
Склад 23;19.04.2015;1114517.9
Склад 23;21.04.2015;1251033.5
Склад 23;25.04.2015;1418716.2
Склад 23;01.05.2015;1335561.4
Склад 23;04.05.2015;1288055.8
Склад 23;09.05.2015;1439911.9
Склад 23;12.05.2015;1329007.9
Склад 23;14.05.2015;1367826.7
Склад 23;18.05.2015;1331485.8
Склад 23;23.05.2015;1473587.8
Склад 23;24.05.2015;1278885.2
Склад 23;26.05.2015;1288691.3
Склад 23;27.05.2015;1239999.2
Склад 23;30.05.2015;1392217.1
Склад 23;02.06.2015;1360092.9
Склад 23;03.06.2015;1193223.8
Склад 23;04.06.2015;1593923
Склад 23;11.06.2015;1820857.1
Склад 23;20.06.2015;1786227.8
Склад 23;23.06.2015;1401685.6
Склад 23;25.06.2015;1670261.8
Склад 23;26.06.2015;1725548.5
Склад 23;28.06.2015;1145881.9
Склад 23;29.06.2015;1274243.9
Склад 23;03.07.2015;1745678.3
Склад 23;13.07.2015;1256125.4
Склад 23;15.07.2015;1179420.4
Склад 23;22.07.2015;1207861.2
Склад 23;23.07.2015;1359716.5
Склад 23;24.07.2015;1492719
Склад 23;04.08.2015;1152861.4
Склад 23;05.08.2015;1207433
Склад 23;13.08.2015;1580307.5
Склад 23;14.08.2015;1522324.1
Склад 23;21.08.2015;1576842.6
Склад 23;27.08.2015;1322877.6
Склад 23;01.09.2015;1185638.1
Склад 23;10.09.2015;1462186.1
Склад 23;14.09.2015;1233831.1
Склад 23;19.09.2015;1278500.4
Склад 23;20.09.2015;1371166
Склад 23;22.09.2015;1352603.6
Склад 23;23.09.2015;1066598.2
Склад 23;25.09.2015;1468068.6
Склад 23;26.09.2015;1357329.7
Склад 23;01.10.2015;1313076.1
Склад 23;04.10.2015;1407490.8
Склад 23;09.10.2015;1527142.2
Склад 23;10.10.2015;1529571.1
Склад 23;11.10.2015;1332669.8
Склад 23;14.10.2015;1129162.9
Склад 23;22.10.2015;1590042.9
Склад 23;26.10.2015;1118366.2
Склад 23;29.10.2015;1486400.3
Склад 23;04.11.2015;1364276.4
Склад 23;05.11.2015;1425723.2
Склад 23;15.11.2015;1493038.5
Склад 23;18.11.2015;1169320.3
Склад 23;22.11.2015;1248787.4
Склад 23;23.11.2015;1372557.6
Склад 23;24.11.2015;1248626.3
Склад 23;26.11.2015;1533659.2
Склад 23;01.12.2015;1013350.8
Склад 23;02.12.2015;1306090.7
Склад 23;05.12.2015;1536620
Склад 23;06.12.2015;1274816.4
Склад 23;07.12.2015;1141169.4
Склад 23;08.12.2015;1306173
Склад 23;18.12.2015;1464326.8
Склад 23;20.12.2015;1690179
Склад 23;23.12.2015;1738243.7
Склад 23;25.12.2015;2385635.60000001
Склад 51;06.01.2013;1119936.8
Склад 51;10.01.2013;1065202.4
Склад 51;11.01.2013;1270439
Склад 51;20.01.2013;950550.799999999
Склад 51;26.01.2013;753933.5
Склад 51;31.01.2013;751227.699999999
Склад 51;02.02.2013;501310.7
Склад 51;07.02.2013;475417.6
Склад 51;11.02.2013;596359.9
Склад 51;18.02.2013;568107.4
Склад 51;21.02.2013;793056.2
Склад 51;27.02.2013;641425.8
Склад 51;03.03.2013;499313.4
Склад 51;08.03.2013;888716.899999999
Склад 51;09.03.2013;540906.6
Склад 51;12.03.2013;722283.6
Склад 51;15.03.2013;621803.1
Склад 51;17.03.2013;634906.2
Склад 51;27.03.2013;557229.6
Склад 51;28.03.2013;623254.7
Склад 51;30.03.2013;756446.7
Склад 51;02.04.2013;631622.2
Склад 51;04.04.2013;631995.8
Склад 51;05.04.2013;733177.099999999
Склад 51;13.04.2013;825086.899999999
Склад 51;19.04.2013;535863.2
Склад 51;22.04.2013;571659.9
Склад 51;24.04.2013;661045.5
Склад 51;30.04.2013;383819
Склад 51;04.05.2013;714169.1
Склад 51;06.05.2013;565680.4
Склад 51;07.05.2013;535054.8
Склад 51;20.05.2013;556007.8
Склад 51;22.05.2013;657028.4
Склад 51;23.05.2013;722333.599999999
Склад 51;31.05.2013;820835.599999999
Склад 51;01.06.2013;612171.599999999
Склад 51;09.06.2013;566621.4
Склад 51;10.06.2013;736954.099999999
Склад 51;13.06.2013;769197.699999999
Склад 51;14.06.2013;878520.3
Склад 51;17.06.2013;871655.499999999
Склад 51;22.06.2013;567689.2
Склад 51;25.06.2013;559855
Склад 51;27.06.2013;654077.2
Склад 51;01.07.2013;537589.4
Склад 51;05.07.2013;430896.6
Склад 51;07.07.2013;682423.599999999
Склад 51;10.07.2013;655644.8
Склад 51;12.07.2013;690568.9
Склад 51;14.07.2013;379992.3
Склад 51;23.07.2013;561198.6
Склад 51;28.07.2013;428243.1
Склад 51;30.07.2013;607428.6
Склад 51;06.08.2013;592502.8
Склад 51;13.08.2013;652979.7
Склад 51;31.08.2013;687913.3
Склад 51;02.09.2013;735671.699999999
Склад 51;05.09.2013;705777.8
Склад 51;09.09.2013;621797.1
Склад 51;10.09.2013;600878.2
Склад 51;13.09.2013;819471.4
Склад 51;14.09.2013;619101.8
Склад 51;16.09.2013;750191.3
Склад 51;18.09.2013;606670.2
Склад 51;28.09.2013;744995.8
Склад 51;30.09.2013;682846.6
Склад 51;01.10.2013;684167.1
Склад 51;12.10.2013;809663.4
Склад 51;25.10.2013;789160.099999999
Склад 51;28.10.2013;623866.5
Склад 51;31.10.2013;747244.699999999
Склад 51;02.11.2013;645689.9
Склад 51;03.11.2013;684667.299999999
Склад 51;05.11.2013;770621.9
Склад 51;06.11.2013;746729.4
Склад 51;12.11.2013;741769.499999999
Склад 51;16.11.2013;796481.6
Склад 51;24.11.2013;683687.5
Склад 51;30.11.2013;828104.3
Склад 51;12.12.2013;912712.9
Склад 51;13.12.2013;910961.499999999
Склад 51;15.12.2013;744046.8
Склад 51;19.12.2013;886424.7
Склад 51;21.12.2013;936667.199999999
Склад 51;22.12.2013;735455.799999999
Склад 51;23.12.2013;832213.6
Склад 51;24.12.2013;858750.799999999
Склад 51;25.12.2013;942585.5
Склад 51;01.01.2014;378530.4
Склад 51;02.01.2014;568799.599999999
Склад 51;04.01.2014;498698.7
Склад 51;05.01.2014;666403.3
Склад 51;12.01.2014;531127.6
Склад 51;13.01.2014;784311.699999999
Склад 51;25.01.2014;752143.3
Склад 51;28.01.2014;667232.6
Склад 51;04.02.2014;741430.5
Склад 51;07.02.2014;726970
Склад 51;09.02.2014;650290.9
Склад 51;11.02.2014;701460.9
Склад 51;13.02.2014;1014253.6
Склад 51;16.02.2014;646588.3
Склад 51;23.02.2014;819211
Склад 51;25.02.2014;679105.5
Склад 51;27.02.2014;940874.7
Склад 51;04.03.2014;758401.3
Склад 51;06.03.2014;1338100.6
Склад 51;22.03.2014;932873.7
Склад 51;24.03.2014;725367.3
Склад 51;27.03.2014;897030.399999999
Склад 51;28.03.2014;859441.299999999
Склад 51;02.04.2014;763275.999999999
Склад 51;06.04.2014;695851.7
Склад 51;11.04.2014;751520
Склад 51;12.04.2014;917281.699999999
Склад 51;14.04.2014;716997.2
Склад 51;16.04.2014;694713
Склад 51;21.04.2014;685372.199999999
Склад 51;27.04.2014;781856.8
Склад 51;29.04.2014;821823.5
Склад 51;01.05.2014;819499.4
Склад 51;03.05.2014;583283.5
Склад 51;08.05.2014;1078319.6
Склад 51;10.05.2014;636354
Склад 51;14.05.2014;751724.6
Склад 51;17.05.2014;943518.1
Склад 51;22.05.2014;1036676.7
Склад 51;26.05.2014;781576.399999999
Склад 51;01.06.2014;629769.799999999
Склад 51;07.06.2014;937365.8
Склад 51;12.06.2014;944632.3
Склад 51;17.06.2014;737785.6
Склад 51;18.06.2014;824289.799999999
Склад 51;19.06.2014;653096.1
Склад 51;23.06.2014;531278
Склад 51;25.06.2014;874623.6
Склад 51;27.06.2014;682177.7
Склад 51;28.06.2014;686875.7
Склад 51;30.06.2014;920259.8
Склад 51;01.07.2014;799512.299999999
Склад 51;02.07.2014;780872.199999999
Склад 51;05.07.2014;626303.6
Склад 51;06.07.2014;383935.8
Склад 51;13.07.2014;298033.7
Склад 51;22.07.2014;476966.6
Склад 51;26.07.2014;685854.5
Склад 51;29.07.2014;725248.4
Склад 51;01.08.2014;817968.9
Склад 51;08.08.2014;829994.600000001
Склад 51;16.08.2014;597046.1
Склад 51;22.08.2014;321229.9
Склад 51;23.08.2014;1018832.4
Склад 51;28.08.2014;740105.199999999
Склад 51;30.08.2014;972489.799999999
Склад 51;05.09.2014;380485.2
Склад 51;08.09.2014;736062.399999999
Склад 51;10.09.2014;714966.299999999
Склад 51;15.09.2014;623306.699999999
Склад 51;20.09.2014;765138.499999999
Склад 51;23.09.2014;1008389.8
Склад 51;27.09.2014;224760
Склад 51;28.09.2014;1233268.7
Склад 51;01.10.2014;784880.299999998
Склад 51;05.10.2014;1240657.6
Склад 51;07.10.2014;796005.799999998
Склад 51;09.10.2014;540012.499999999
Склад 51;10.10.2014;495863.299999999
Склад 51;12.10.2014;898542.699999998
Склад 51;13.10.2014;848981.599999998
Склад 51;20.10.2014;929965.599999998
Склад 51;30.10.2014;1191969.8
Склад 51;04.11.2014;710162.799999999
Склад 51;05.11.2014;705655.599999999
Склад 51;06.11.2014;883369.799999999
Склад 51;08.11.2014;227540.4
Склад 51;10.11.2014;875582.899999999
Склад 51;17.11.2014;1040311.2
Склад 51;26.11.2014;762213.599999998
Склад 51;27.11.2014;842210.299999999
Склад 51;01.12.2014;471533.5
Склад 51;04.12.2014;982744.299999999
Склад 51;05.12.2014;1004563.4
Склад 51;06.12.2014;588354.499999999
Склад 51;08.12.2014;679874.599999999
Склад 51;13.12.2014;1007865.3
Склад 51;14.12.2014;888831.999999998
Склад 51;19.12.2014;1079478.1
Склад 51;20.12.2014;742316.099999999
Склад 51;22.12.2014;1306090.3
Склад 51;24.12.2014;893749.099999999
Склад 51;09.01.2015;565552.599999999
Склад 51;16.01.2015;1283728.7
Склад 51;18.01.2015;593732.599999999
Склад 51;25.01.2015;929346.299999999
Склад 51;28.01.2015;1143140.4
Склад 51;05.02.2015;829096.199999999
Склад 51;07.02.2015;706757.899999998
Склад 51;09.02.2015;784610.999999999
Склад 51;17.02.2015;1100663
Склад 51;19.02.2015;1495489
Склад 51;27.02.2015;1421214.9
Склад 51;02.03.2015;508031.299999999
Склад 51;08.03.2015;954011.6
Склад 51;13.03.2015;1006016.9
Склад 51;18.03.2015;917898.499999999
Склад 51;19.03.2015;852517.799999999
Склад 51;21.03.2015;946930.599999998
Склад 51;24.03.2015;762480.299999999
Склад 51;25.03.2015;707429.699999999
Склад 51;04.04.2015;873094.299999998
Склад 51;12.04.2015;1143997.6
Склад 51;13.04.2015;439455.6
Склад 51;14.04.2015;629536.499999999
Склад 51;16.04.2015;1189973.3
Склад 51;17.04.2015;926756.199999999
Склад 51;26.04.2015;753486.099999999
Склад 51;30.04.2015;870443.699999999
Склад 51;02.05.2015;411839.3
Склад 51;03.05.2015;738325.299999999
Склад 51;06.05.2015;728045.299999999
Склад 51;07.05.2015;696779.899999999
Склад 51;08.05.2015;1572325.4
Склад 51;13.05.2015;851443.399999998
Склад 51;19.05.2015;762255.299999999
Склад 51;21.05.2015;801752.299999999
Склад 51;25.05.2015;576237.299999999
Склад 51;26.05.2015;814475.399999998
Склад 51;13.06.2015;859233.699999999
Склад 51;15.06.2015;763746.599999999
Склад 51;19.06.2015;1022640.3
Склад 51;22.06.2015;681462.999999999
Склад 51;29.06.2015;757336.3
Склад 51;06.07.2015;775552.699999999
Склад 51;07.07.2015;616474.2
Склад 51;08.07.2015;784152.799999999
Склад 51;17.07.2015;947091.499999999
Склад 51;18.07.2015;980435.099999999
Склад 51;21.07.2015;800130.699999999
Склад 51;31.07.2015;1251249
Склад 51;03.08.2015;777074.799999999
Склад 51;08.08.2015;1102373.7
Склад 51;09.08.2015;604470.099999999
Склад 51;10.08.2015;741281.899999999
Склад 51;12.08.2015;719959.499999999
Склад 51;14.08.2015;1120240.2
Склад 51;17.08.2015;714056.099999999
Склад 51;18.08.2015;877550.599999999
Склад 51;20.08.2015;798330.099999999
Склад 51;21.08.2015;857267.9
Склад 51;23.08.2015;417415.9
Склад 51;30.08.2015;545649.799999999
Склад 51;01.09.2015;459257.799999999
Склад 51;02.09.2015;736985.699999999
Склад 51;06.09.2015;901961.1
Склад 51;07.09.2015;679814.199999999
Склад 51;08.09.2015;814015.299999999
Склад 51;14.09.2015;616310.399999999
Склад 51;24.09.2015;933678.5
Склад 51;30.09.2015;1049305.6
Склад 51;07.10.2015;652429.799999999
Склад 51;09.10.2015;828834.7
Склад 51;12.10.2015;650639.599999998
Склад 51;15.10.2015;929201.699999999
Склад 51;19.10.2015;669491.499999999
Склад 51;20.10.2015;629380.499999999
Склад 51;24.10.2015;822440.3
Склад 51;29.10.2015;1026698.7
Склад 51;06.11.2015;724746.599999999
Склад 51;09.11.2015;684007.299999999
Склад 51;12.11.2015;1058431.6
Склад 51;14.11.2015;854590
Склад 51;18.11.2015;567503.4
Склад 51;23.11.2015;833376.2
Склад 51;26.11.2015;1120911.9
Склад 51;28.11.2015;938352
Склад 51;30.11.2015;962685.1
Склад 51;03.12.2015;659624.399999999
Склад 51;14.12.2015;875550.9
Склад 51;16.12.2015;636157.2
Склад 51;25.12.2015;1312603.1
Склад 66;02.01.2013;1067763.6
Склад 66;09.01.2013;1517734.4
Склад 66;11.01.2013;1424983.8
Склад 66;17.01.2013;1346805.4
Склад 66;27.01.2013;843856.299999999
Склад 66;29.01.2013;949264.9
Склад 66;03.02.2013;850767.599999998
Склад 66;18.02.2013;871757.999999999
Склад 66;20.02.2013;691149.499999999
Склад 66;21.02.2013;1013534.2
Склад 66;06.03.2013;1179936.8
Склад 66;09.03.2013;1158946.6
Склад 66;11.03.2013;803732.599999999
Склад 66;16.03.2013;1163036.8
Склад 66;17.03.2013;812171.7
Склад 66;20.03.2013;834298.599999999
Склад 66;04.04.2013;769392.2
Склад 66;10.04.2013;832478.999999999
Склад 66;11.04.2013;916433.2
Склад 66;12.04.2013;1090931.2
Склад 66;16.04.2013;814111.699999999
Склад 66;18.04.2013;823491.4
Склад 66;24.04.2013;934724.399999999
Склад 66;25.04.2013;982262.2
Склад 66;29.04.2013;1005036.4
Склад 66;02.05.2013;744101.4
Склад 66;04.05.2013;1085971.2
Склад 66;05.05.2013;1108279.7
Склад 66;06.05.2013;676978.1
Склад 66;08.05.2013;919609.1
Склад 66;10.05.2013;791916.999999999
Склад 66;11.05.2013;994619.299999999
Склад 66;16.05.2013;802757.399999999
Склад 66;21.05.2013;678064.6
Склад 66;23.05.2013;842175.599999999
Склад 66;25.05.2013;950330.799999999
Склад 66;29.05.2013;850910.199999999
Склад 66;14.06.2013;918487.699999999
Склад 66;15.06.2013;864852.799999999
Склад 66;16.06.2013;817759.699999999
Склад 66;25.06.2013;1019748.3
Склад 66;04.07.2013;931629.499999999
Склад 66;05.07.2013;813485.599999999
Склад 66;18.07.2013;918357.799999998
Склад 66;23.07.2013;691688.999999999
Склад 66;24.07.2013;804262.899999999
Склад 66;01.08.2013;866442.999999999
Склад 66;07.08.2013;713515.1
Склад 66;11.08.2013;991870.799999999
Склад 66;19.08.2013;669346.599999999
Склад 66;22.08.2013;801816.799999999
Склад 66;28.08.2013;757286.6
Склад 66;29.08.2013;719431.7
Склад 66;02.09.2013;658926.6
Склад 66;04.09.2013;684905.299999999
Склад 66;06.09.2013;1142822.4
Склад 66;11.09.2013;969461.5
Склад 66;20.09.2013;962784
Склад 66;21.09.2013;848669.099999999
Склад 66;23.09.2013;619347.099999999
Склад 66;25.09.2013;867879.999999999
Склад 66;28.09.2013;816346.1
Склад 66;29.09.2013;1084830.4
Склад 66;03.10.2013;902266.7
Склад 66;05.10.2013;1276234
Склад 66;06.10.2013;839781.999999999
Склад 66;09.10.2013;816453.299999999
Склад 66;20.10.2013;1004797.8
Склад 66;23.10.2013;923363.999999999
Склад 66;27.10.2013;911068.799999999
Склад 66;30.10.2013;828214.099999998
Склад 66;02.11.2013;762494.599999999
Склад 66;03.11.2013;720124.399999999
Склад 66;04.11.2013;1090198
Склад 66;05.11.2013;801234.099999998
Склад 66;07.11.2013;826657.1
Склад 66;13.11.2013;807366.699999999
Склад 66;14.11.2013;825716.699999999
Склад 66;15.11.2013;988298.6
Склад 66;16.11.2013;1048688.1
Склад 66;19.11.2013;876436.3
Склад 66;20.11.2013;784588.699999999
Склад 66;25.11.2013;901671.399999999
Склад 66;28.11.2013;914500.9
Склад 66;02.12.2013;907302.3
Склад 66;04.12.2013;956733.4
Склад 66;09.12.2013;1055727.8
Склад 66;11.12.2013;952476.499999999
Склад 66;13.12.2013;1096519.2
Склад 66;20.12.2013;1155617.2
Склад 66;21.12.2013;1086311.4
Склад 66;22.12.2013;1607417.3
Склад 66;25.12.2013;992204.499999999
Склад 66;26.12.2013;1342593.3
Склад 66;27.12.2013;1488674.9
Склад 66;31.12.2013;2862625.2
Склад 66;01.01.2014;910809.899999999
Склад 66;02.01.2014;768726.099999999
Склад 66;11.01.2014;1040260
Склад 66;13.01.2014;1033299.9
Склад 66;14.01.2014;762841.199999999
Склад 66;27.01.2014;1161744.6
Склад 66;03.02.2014;969146.199999999
Склад 66;06.02.2014;968621.399999999
Склад 66;07.02.2014;866167.3
Склад 66;10.02.2014;779253.199999999
Склад 66;18.02.2014;831364.599999999
Склад 66;20.02.2014;1150764
Склад 66;21.02.2014;1143501.4
Склад 66;26.02.2014;955168.5
Склад 66;28.02.2014;1056730.5
Склад 66;01.03.2014;1052986.7
Склад 66;06.03.2014;1274194.6
Склад 66;09.03.2014;1081213.5
Склад 66;14.03.2014;1097823.7
Склад 66;16.03.2014;1106098.8
Склад 66;22.03.2014;1328287.1
Склад 66;29.03.2014;1089353.9
Склад 66;30.03.2014;994410.699999999
Склад 66;31.03.2014;789937.399999999
Склад 66;09.04.2014;970831.399999999
Склад 66;10.04.2014;1159704.7
Склад 66;14.04.2014;769792.199999999
Склад 66;20.04.2014;1148107.8
Склад 66;21.04.2014;771844.599999999
Склад 66;10.05.2014;831251.799999999
Склад 66;13.05.2014;876612.099999998
Склад 66;19.05.2014;777286.599999999
Склад 66;30.05.2014;872554.799999999
Склад 66;31.05.2014;1132606.1
Склад 66;01.06.2014;895939.799999999
Склад 66;03.06.2014;674804.899999999
Склад 66;04.06.2014;917579.799999998
Склад 66;10.06.2014;642906.3
Склад 66;11.06.2014;1134831
Склад 66;12.06.2014;1074959.9
Склад 66;14.06.2014;633592.199999999
Склад 66;16.06.2014;766636.9
Склад 66;18.06.2014;801967.299999999
Склад 66;22.06.2014;884397.099999999
Склад 66;23.06.2014;1126409
Склад 66;24.06.2014;696627.5
Склад 66;25.06.2014;853522.599999999
Склад 66;27.06.2014;566961.1
Склад 66;02.07.2014;833903.499999999
Склад 66;05.07.2014;754391.6
Склад 66;06.07.2014;1038698.1
Склад 66;07.07.2014;874432.099999999
Склад 66;15.07.2014;766595.399999999
Склад 66;23.07.2014;705583.5
Склад 66;24.07.2014;998365.199999999
Склад 66;27.07.2014;1091890.5
Склад 66;01.08.2014;500994.7
Склад 66;05.08.2014;566275.899999999
Склад 66;10.08.2014;816139.699999999
Склад 66;18.08.2014;704591.1
Склад 66;20.08.2014;651167.2
Склад 66;23.08.2014;758255.399999999
Склад 66;30.08.2014;820233.099999999
Склад 66;08.09.2014;746762.4
Склад 66;13.09.2014;824817.099999999
Склад 66;14.09.2014;1020081.1
Склад 66;16.09.2014;745128.199999999
Склад 66;19.09.2014;638561.199999999
Склад 66;23.09.2014;799759.599999999
Склад 66;02.10.2014;886407.699999999
Склад 66;06.10.2014;702969.699999999
Склад 66;07.10.2014;708959.899999999
Склад 66;13.10.2014;729093.999999998
Склад 66;26.10.2014;914511.199999999
Склад 66;05.11.2014;828710.899999999
Склад 66;10.11.2014;785825
Склад 66;11.11.2014;932471.6
Склад 66;12.11.2014;827139.199999999
Склад 66;14.11.2014;563047.8
Склад 66;15.11.2014;1142983.3
Склад 66;20.11.2014;783730.699999999
Склад 66;01.12.2014;725694.499999999
Склад 66;13.12.2014;1214870.9
Склад 66;15.12.2014;906484.399999999
Склад 66;20.12.2014;986265.999999999
Склад 66;21.12.2014;1262943.4
Склад 66;03.01.2015;745418.999999999
Склад 66;11.01.2015;833417.799999998
Склад 66;12.01.2015;668162.799999999
Склад 66;20.01.2015;842213.199999999
Склад 66;22.01.2015;840240.099999999
Склад 66;30.01.2015;625582.899999999
Склад 66;01.02.2015;866060.199999999
Склад 66;05.02.2015;814027.299999999
Склад 66;11.02.2015;753841.999999999
Склад 66;22.02.2015;1420275.8
Склад 66;24.02.2015;769542.699999998
Склад 66;28.02.2015;1025486.6
Склад 66;02.03.2015;922317.599999999
Склад 66;08.03.2015;1467247
Склад 66;10.03.2015;803240.799999998
Склад 66;12.03.2015;848991.199999999
Склад 66;14.03.2015;1055344.2
Склад 66;16.03.2015;690847.599999999
Склад 66;21.03.2015;904624.599999999
Склад 66;26.03.2015;752472.599999999
Склад 66;27.03.2015;714584.5
Склад 66;28.03.2015;927107.3
Склад 66;29.03.2015;1104008.2
Склад 66;01.04.2015;832486.799999999
Склад 66;07.04.2015;752105.999999999
Склад 66;10.04.2015;664817.699999999
Склад 66;11.04.2015;1291213.2
Склад 66;14.04.2015;929438.499999999
Склад 66;17.04.2015;545713.099999999
Склад 66;23.04.2015;792644.699999999
Склад 66;26.04.2015;1013229.7
Склад 66;30.04.2015;1019023.4
Склад 66;01.05.2015;664501.899999999
Склад 66;04.05.2015;755164.699999999
Склад 66;11.05.2015;780419.299999999
Склад 66;16.05.2015;915231.099999998
Склад 66;22.05.2015;674784.599999998
Склад 66;26.05.2015;743556.899999999
Склад 66;27.05.2015;639226.399999999
Склад 66;02.06.2015;830911.899999999
Склад 66;06.06.2015;656643.299999999
Склад 66;07.06.2015;950697.599999998
Склад 66;10.06.2015;820541.199999998
Склад 66;13.06.2015;790102.499999999
Склад 66;14.06.2015;991460.399999999
Склад 66;26.06.2015;735869.1
Склад 66;29.06.2015;772990.999999999
Склад 66;30.06.2015;802916.899999999
Склад 66;02.07.2015;891277.699999999
Склад 66;04.07.2015;857119.899999999
Склад 66;13.07.2015;735780.799999999
Склад 66;15.07.2015;807020.499999998
Склад 66;16.07.2015;909959.799999999
Склад 66;21.07.2015;758882.099999999
Склад 66;22.07.2015;702651.599999999
Склад 66;24.07.2015;477440.799999999
Склад 66;01.08.2015;921626.699999999
Склад 66;02.08.2015;889611.099999998
Склад 66;08.08.2015;784190.699999999
Склад 66;11.08.2015;695157.599999999
Склад 66;12.08.2015;668490.899999998
Склад 66;16.08.2015;730521.799999998
Склад 66;18.08.2015;830731.299999998
Склад 66;19.08.2015;656073.399999999
Склад 66;25.08.2015;680032.499999999
Склад 66;29.08.2015;1019043.2
Склад 66;07.09.2015;758949.9
Склад 66;13.09.2015;867744.699999999
Склад 66;18.09.2015;559204.099999999
Склад 66;19.09.2015;954186.399999999
Склад 66;21.09.2015;819830.399999999
Склад 66;23.09.2015;718263.299999999
Склад 66;27.09.2015;1039791.9
Склад 66;02.10.2015;706362.199999999
Склад 66;15.10.2015;950092.099999999
Склад 66;17.10.2015;1030149.9
Склад 66;19.10.2015;725648.699999999
Склад 66;23.10.2015;624776.599999999
Склад 66;27.10.2015;939025.9
Склад 66;28.10.2015;792414.699999999
Склад 66;29.10.2015;725796.499999999
Склад 66;05.11.2015;913697.499999998
Склад 66;06.11.2015;584192.699999999
Склад 66;07.11.2015;991450.099999999
Склад 66;11.11.2015;819418.999999998
Склад 66;12.11.2015;1094262.5
Склад 66;14.11.2015;863826.999999998
Склад 66;16.11.2015;782994.899999998
Склад 66;21.11.2015;967714.199999998
Склад 66;26.11.2015;1008116.2
Склад 66;29.11.2015;849369.599999998
Склад 66;04.12.2015;884610.299999999
Склад 66;13.12.2015;937648.399999999
Склад 66;14.12.2015;928036.599999998
Склад 66;17.12.2015;1073949.2
Склад 66;18.12.2015;1090061.7
Склад 66;20.12.2015;922447.999999998
Склад 66;23.12.2015;958763.799999999
Склад 66;27.12.2015;1072242.5
Склад 66;28.12.2015;1222390.7
Склад 66;31.12.2015;3102067.70000001
